timestamp,scene_number,scene_snapshot_number,scene_snapshot_path,subtitle,cleaned_subtitle,snapshot_desc,profanity_present,nudity_present,should_censor
7255,,,,(Music playing),,,False,False,False
100540,,,,(Watch ticking),,,False,False,False
108264,,,,(Seagulls cawing),,,False,False,False
112385,,,,(Bell ringing),,,False,False,False
118724,,,,(Foghorn blows),,,False,False,False
144497,,,,"Come on, let's go. Let's go.
I'm a sitting duck out here.",,,False,False,False
146717,,,,"So move then.
Come on.",,,False,False,False
148218,,,,Charlie.,,,False,False,False
150469,,,,Load it up.,,,False,False,False
151805,,,,"Let's go, let's go!",,,False,False,False
156009,,,,Come on.,,,False,False,False
158626,,,,"- Liquid gold, boyo.
- That's it.",,,False,False,False
173708,,,,(Music playing),,,False,False,False
188455,,,,"Come on, are we
fucking done here?", Are we all set now?,,True,False,False
190123,,,,"Boys, we're straight on to New York,
so anyone needs a piss,"," Kids, we're heading straight to New York,
so if anyone needs a bathroom break.",,True,False,False
192926,,,,"you take it now.
No?",,,False,False,False
194843,,,,Then let's go.,,,False,False,False
215145,,,,Son of a bitch., Darn it.,,True,False,False
217347,,,,"Hold up.
Slow down.",,,False,False,False
222952,,,,(Brakes squeal),,,False,False,False
236966,,,,He's still breathing.,,,False,False,False
239035,,,,"Fuck him.
Get him off the road."," : 'Drive him away.
Remove him from the road.'",,True,False,False
246974,,,,"- (Gun cocks)
- [Man]: Get 'em up!"," : ""- (Fires a warning shot)
- [Man]: Wake up!""",,True,False,False
249510,,,,Up!,,,False,False,False
251546,,,,"Get your fucking hands in the air.
Drop the heaters."," Keep your hands up high.
Surrender the objects.",,True,False,False
254981,,,,"- You stupid fuck.
- Drop it I said!"," - You clumsy idiot.
- Lower it as I asked!",,True,False,False
257768,,,,"You too, fat boy.
Drop it!",,,False,False,False
259853,,,,Drop your weapon.,,,False,False,False
262054,,,,"You know whose
fucking load this is?", Who left this mess here?,,True,False,False
264324,,,,"It's pretty fucking
obvious now, ain't it?"," It's quite clear, isn't it?",,True,False,False
266442,,,,"[Woman]: ""Coward, monster,
vicious brute,",,,False,False,False
269595,,,,"friend to thief and prostitute,",,,False,False,False
272531,,,,"conscience dulled by demon rum,",,,False,False,False
275917,,,,"liquor, thy name's
delirium"".",,,False,False,False
284740,,,,"Tomorrow we awaken
to a new dawn.",,,False,False,False
289096,,,,"And on the eve of this
momentous occasion,",,,False,False,False
291599,,,,"it is my pleasure
to introduce...",,,False,False,False
294018,,,,"Atlantic city's
esteemed treasurer,",,,False,False,False
297603,,,,the honorable enoch Thompson.,,,False,False,False
306612,,,,"Mrs. McGarry, thank you
for that stirring poem.",,,False,False,False
309949,,,,Will you send me a copy?,,,False,False,False
311767,,,,"[Woman]:
What a nice man.",,,False,False,False
314436,,,,Ladies.,,,False,False,False
316820,,,,Years ago there was a young boy,,,False,False,False
318938,,,,who lived in this very city.,,,False,False,False
320825,,,,"The winter of '88,
some of you remember,",,,False,False,False
324412,,,,"a blizzard
of biblical proportions.",,,False,False,False
326998,,,,"The family was snowbound
and freezing,",,,False,False,False
329949,,,,without food or heat.,,,False,False,False
333388,,,,"The father vanished...
laid to waste by",,,False,False,False
336889,,,,alcohol.,,,False,False,False
338925,,,,And so it was left,,,False,False,False
340726,,,,"to this boy,",,,False,False,False
342345,,,,this little man of tender years,,,False,False,False
345065,,,,"to fend for himself
and his family.",,,False,False,False
348918,,,,"Off in the cold he went,",,,False,False,False
351103,,,,"worn shoes wrapped in rags,",,,False,False,False
353439,,,,"newspaper lining
his thin wool coat,",,,False,False,False
356241,,,,"as he trudged
chest deep in snow",,,False,False,False
359828,,,,"to the rail yard,",,,False,False,False
361779,,,,"foraging on hands
and bloody knees", Exploring on hands and slightly dirty palms,,True,False,False
365033,,,,"for scraps of coal,",,,False,False,False
367102,,,,hoping for some potatoes,,,False,False,False
369669,,,,spilled from a ruptured sack.,,,False,False,False
371853,,,,"Finding none,",,,False,False,False
374842,,,,he took a broom handle...,,,False,False,False
377428,,,,"and in desperation,
killed his family's dinner:",,,False,False,False
382997,,,,"Three wharf rats hiding in the
hold of a ship.",,,False,False,False
387003,,,,(Gasps),,,False,False,False
389187,,,,"Terrible, yes.",,,False,False,False
392006,,,,But the family survived.,,,False,False,False
396394,,,,And the little boy?,,,False,False,False
400398,,,,"Well, the little boy
speaks to you tonight",,,False,False,False
402951,,,,"- from this very podium.
- (Applause)",,,False,False,False
409022,,,,Prohibition means progress.,,,False,False,False
411607,,,,"Never again will families
be robbed of their fathers,",,,False,False,False
415862,,,,held hostage by alcohol.,,,False,False,False
419467,,,,How proud I am...,,,False,False,False
421301,,,,"to live in a nation which,",,,False,False,False
423252,,,,"God willing, this year will finally
give s women the right to vote.",,,False,False,False
433377,,,,"Ladies, I regret to inform you...",,,False,False,False
435062,,,,"that I have been called away
on urgent county business...",,,False,False,False
437849,,,,"and therefore will be unable
to stay for the potluck.",,,False,False,False
440934,,,,"- (Groans)
- Shh-shh.",,,False,False,False
442936,,,,"In closing, however,
let me say this:",,,False,False,False
445554,,,,"Without the continued support
of good decent women...",,,False,False,False
449526,,,,"like you, men like me...",,,False,False,False
452079,,,,would be nowhere.,,,False,False,False
454914,,,,Thank you and God bless.,,,False,False,False
465240,,,,"In the trenches
once we ate dog meat.",,,False,False,False
467959,,,,But rats?,,,False,False,False
471913,,,,"First rule of politics, kiddo:",,,False,False,False
473714,,,,"Never let the truth get
in the way of a good story.",,,False,False,False
476384,,,,"Barker: Come on in, boys!
Don't be shy.",,,False,False,False
479304,,,,"Meet the gals who put
the ""ooh"" in ooh-la-la.",,,False,False,False
483273,,,,"Step right up, friends.
Whatcha waiting for?",,,False,False,False
485925,,,,"Lovely ladies
direct from Paris...",,,False,False,False
489229,,,,France.,,,False,False,False
490864,,,,"- (Giggles)
- Young ladies,",,,False,False,False
492199,,,,"I know there are attractions
that your parents",,,False,False,False
494151,,,,"would like to take you to,
but this",,,False,False,False
495868,,,,"is not one of them.
Ladies, take them away, yes.",,,False,False,False
498203,,,,"- They should have been gone a
long time ago. - (Laughs)",,,False,False,False
500373,,,,"Don't be afraid, fellas.
They won't bite...",,,False,False,False
502192,,,,unless you want them to.,,,False,False,False
505945,,,,"- Hey, Nucky, how you doing?
- Not as good as you, Wendell.",,,False,False,False
508581,,,,"- Good evening, Nucky.
- Hey, how are ya?",,,False,False,False
510665,,,,"- How are you, Nucky?
- Nice to see you.",,,False,False,False
513117,,,,(Band playing),,,False,False,False
541193,,,,"[Man]:
Say it ain't so, Joe.",,,False,False,False
553120,,,,To the end of the world!,,,False,False,False
557376,,,,(Baby crying),,,False,False,False
561345,,,,"All right,
take it easy, fellas.",,,False,False,False
565332,,,,"I got it!
I got it! Over here.",,,False,False,False
567266,,,,"[Man]: Hey, you got some rye?
I want some gin... gin!",,,False,False,False
569635,,,,"[Nucky]:
Thanks, ace.",,,False,False,False
582647,,,,"- Is my brother here?
- Upstairs.",,,False,False,False
584481,,,,They all are.,,,False,False,False
616520,,,,(Laughing),,,False,False,False
619522,,,,"I wanted to arrest him, but he
had 24 hours left. I couldn't.",,,False,False,False
622858,,,,(Clinking glass),,,False,False,False
625611,,,,"Boys, boys, boys.",,,False,False,False
627613,,,,"Mr. Mayor, friends,",,,False,False,False
630349,,,,"fellow members
of the city council,",,,False,False,False
632535,,,,"as you know,
in less than two hours",,,False,False,False
635403,,,,"liquor will be declared
illegal by decree",,,False,False,False
638289,,,,"of the distinguished gentlemen
of our nation's congress.",,,False,False,False
641877,,,,(Group moans),,,False,False,False
643361,,,,"To those beautiful,
ignorant bastards!"," To those charming, clueless folks!",,True,False,False
646481,,,,(Toasting),,,False,False,False
650134,,,,"Rest assured that dry
though the country may be,",,,False,False,False
653053,,,,"I am in the midst
of concluding arrangements",,,False,False,False
655637,,,,"that will keep Atlantic city
wet as a mermaid's twat.", That will keep Atlantic City wet like a mermaid's tail.,,True,False,False
658925,,,,"Jeez, Nucky,
you're fucking mermaids now?"," : 'Gosh, Nucky,
you're associated with some mysterious creatures now?'",,True,False,False
661262,,,,"Every vote counts,
Mr. Mayor.",,,False,False,False
662880,,,,"[Man]: A republican
through and through.",,,False,False,False
665315,,,,"The opportunity that is the Volstead act
has not merely knocked, my friends,",,,False,False,False
669018,,,,"- it has kicked our fucking doors in!
- (Agreeing)"," - It's broken down our entrance violently!
- (Agreeing)",,True,False,False
671437,,,,"- I'll believe it when I see it.
- Come on, George,",,,False,False,False
674056,,,,"it'll be like prohibition
never happened,",,,False,False,False
675991,,,,"but for one thing...
prices will increase twentyfold.",,,False,False,False
678610,,,,"What kind of sucker will pay three
clams for a drink worth 15c?",,,False,False,False
681696,,,,"- You.
- You'll pay 12 clams...",,,False,False,False
683831,,,,"for a piece of cooze
that ain't worth nothing.",,,False,False,False
685999,,,,"Yeah, you pay.
You pay.",,,False,False,False
687920,,,,I know.,,,False,False,False
689403,,,,"Now he's...
he's on the trolley.",,,False,False,False
691455,,,,"Number one...
we got a product...",,,False,False,False
693540,,,,"- a fella's gotta have.
- Yeah.",,,False,False,False
695292,,,,"Even better is that we got a
product he ain't allowed to have.",,,False,False,False
697961,,,,"- They might as well outlaw smoking.
- [Mayor]: A man's on holiday,",,,False,False,False
700630,,,,"believe me, he wants a drink,
he'll pay the price for it.",,,False,False,False
702684,,,,"- That's right.
- How about the law?",,,False,False,False
704018,,,,"The law?
I am the law, Georgie boy.",,,False,False,False
706552,,,,"Or are you so fucking soused
you thought I'm Lillian Gish, huh?"," : Are you so drunk that you mistook me for Lillian Gish, perhaps?",,True,False,False
711088,,,,"I mean this ain't a flower.
It's not a flower.",,,False,False,False
713309,,,,"I'm gonna kick him outta here right now.
You're outta here.",,,False,False,False
715928,,,,"- The feds!
- You're under arrest.",,,False,False,False
717896,,,,"The feds, the fucking prohis."," The feds, the problematic customs.",,True,False,False
719447,,,,"Oh, the feds,
the fucking pro..."," Oh, the federal agents,
the professional group...",,True,False,False
721066,,,,dogcatchers with badges.,,,False,False,False
723450,,,,"With all due deference
to dogcatchers.",,,False,False,False
727738,,,,"Now, as ward bosses,
you'll each be responsible...",,,False,False,False
730540,,,,"for taking orders
and collecting...",,,False,False,False
732542,,,,"from your restaurants,
hotels, what have you.",,,False,False,False
735079,,,,"Those orders will be reviewed
by my brother and his men,",,,False,False,False
738464,,,,who'll supervise delivery.,,,False,False,False
740583,,,,"Which brings me
to a few personnel changes.",,,False,False,False
742451,,,,"- You all remember Jimmy Darmody?
- Welcome back, kid!",,,False,False,False
744804,,,,"- Welcome home, Jimmy.
- Welcome back, kid.",,,False,False,False
747223,,,,"- Good to see you.
- Gave them huns hell, I heard.",,,False,False,False
748891,,,,"- Sure did.
- [Nucky]: He did.",,,False,False,False
750343,,,,"And now that he's made
the world safe for democracy,",,,False,False,False
752794,,,,"he's back to lend us
a hand too.",,,False,False,False
754896,,,,"In three weeks paddy Ryan
is taking over...",,,False,False,False
757065,,,,"as chief clerk
of the fourth ward.",,,False,False,False
758934,,,,"Jimmy here'll be
pat's man Friday.",,,False,False,False
760818,,,,"- Attaboy.
- Paddy.",,,False,False,False
762904,,,,"- Congratulations, paddy.
- Gentlemen, it's an honor.",,,False,False,False
765189,,,,"- Paddy Ryan... a good man.
- Look out, Mayor,",,,False,False,False
767808,,,,"the kid'll have
your job one day.",,,False,False,False
769493,,,,"He can have it
right now if he wants it.",,,False,False,False
771194,,,,"- Give it time, Mr. Mayor.
- Welcome aboard, paddy.",,,False,False,False
773697,,,,(Chatting),,,False,False,False
776083,,,,"10, nine, eight,",,,False,False,False
778284,,,,"seven, six, five,",,,False,False,False
781318,,,,"four, three, two,",,,False,False,False
784173,,,,one.,,,False,False,False
786691,,,,"(""Taps"" playing)",,,False,False,False
807026,,,,Prohibition!,,,False,False,False
809479,,,,(Cheering),,,False,False,False
852519,,,,(Growling),,,False,False,False
856189,,,,"Hey, where are you going?",,,False,False,False
857822,,,,"- What's eating you?
- Nothing. I don't know.",,,False,False,False
860776,,,,"- My stomach.
- Oh, go have a brioski.",,,False,False,False
876424,,,,"- Will you look at this shit?
- James."," : '- Check out this mess!
- James.'",,True,False,False
880511,,,,"No, put it in your mouth.",,,False,False,False
883412,,,,"Dempsey... ""champ was
no draft dodger.",,,False,False,False
886183,,,,"He explains his status
during war"".",,,False,False,False
888352,,,,"- So what did he say? - I dunno.
He supported his mother.",,,False,False,False
891554,,,,"- It's a bunch of baloney.
- They couldn't write it if it wasn't true.",,,False,False,False
894590,,,,"Wise up, Ange.
It's a bill of goods.",,,False,False,False
896693,,,,"You think a fella would give
up that type of opportunity...",,,False,False,False
898978,,,,to go fight for his country?,,,False,False,False
903316,,,,"What? Why are you looking
at me like that?",,,False,False,False
907269,,,,"Princeton wasn't exactly the
heavyweight championship, Angela.",,,False,False,False
913875,,,,"Have you given it
any more thought?",,,False,False,False
915711,,,,"I'd be 25 by the time I graduated...
almost 26.",,,False,False,False
918663,,,,"- I could go to work.
- Doing what?",,,False,False,False
922966,,,,"- Painting pictures?
- (Boy babbles)",,,False,False,False
926254,,,,And what about skeezix here?,,,False,False,False
928306,,,,"- Where are you going?
- Hey, sit down, eat your food.",,,False,False,False
930791,,,,"No no, come on.
You gotta eat this mush.",,,False,False,False
932927,,,,"Get up. Come on.
What about you, right?",,,False,False,False
935610,,,,"- Yeah.
- Drink your milk.",,,False,False,False
936761,,,,One more bite.,,,False,False,False
938180,,,,"You know, you could learn a lot
working for Ryan maybe.",,,False,False,False
943852,,,,"- Are the eggs ready yet?
- Hold your horses!",,,False,False,False
946772,,,,"Your mother's screwy if she thinks
I'm gonna work for a sap like Ryan.",,,False,False,False
950526,,,,"- Ryan's a sap.
- Ryan is a sap.",,,False,False,False
954477,,,,Don't say that.,,,False,False,False
956246,,,,"- I drank all my milk.
- Good.",,,False,False,False
961085,,,,So what are you gonna do?,,,False,False,False
964538,,,,I'm gonna talk to Nucky.,,,False,False,False
967874,,,,"I don't know, two years
killing Jerries",,,False,False,False
970660,,,,"doesn't exactly prepare you
for a whole lot else.",,,False,False,False
975098,,,,(Gunshots),,,False,False,False
981936,,,,"[Man]:
As prohibition agents,",,,False,False,False
984172,,,,"you represent the finest
America has to offer...",,,False,False,False
987525,,,,"the first line of defense in
the war against illegal liquor,",,,False,False,False
991345,,,,"stout-hearted men,",,,False,False,False
993864,,,,"centurions for the modern age,",,,False,False,False
997400,,,,"unswerving in duty
and incorruptible...",,,False,False,False
1001856,,,,in character.,,,False,False,False
1004842,,,,Raise your right hands.,,,False,False,False
1008660,,,,"- I...
- I...",,,False,False,False
1010696,,,,"- State your name...
- (Names)",,,False,False,False
1012865,,,,"- Do so solemnly swear...
- Do so solemnly swear...",,,False,False,False
1016002,,,,"To uphold the laws of the
constitution of the United States...",,,False,False,False
1019705,,,,"To uphold the laws of the
constitution of the United States...",,,False,False,False
1023041,,,,"To root out criminality
in all forms...",,,False,False,False
1025542,,,,"To root out
criminality in all forms...",,,False,False,False
1028062,,,,"And vigorously uphold
all laws...",,,False,False,False
1049398,,,,Nuck.,,,False,False,False
1051200,,,,Nucky.,,,False,False,False
1054421,,,,"Oh.
What time is it?",,,False,False,False
1056255,,,,2:30.,,,False,False,False
1060924,,,,"- Nucky, are you up?
- What the fuck's the matter?"," : ""- Nucky, are you awake?
- What's troubling you?""",,True,False,False
1063429,,,,"There's a lady waiting to see you.
She's been waiting over an hour.",,,False,False,False
1066798,,,,"She says it is urgent.
She's pregnant.",,,False,False,False
1069250,,,,"- (Woman moans)
- What?",,,False,False,False
1071768,,,,"- You met her last night.
- Last night?",,,False,False,False
1075556,,,,She saw you talk or something.,,,False,False,False
1077357,,,,"Ah ah!
The tempremence league.",,,False,False,False
1079776,,,,(Sighs),,,False,False,False
1081561,,,,"- (Groans)
- Why didn't you say so?",,,False,False,False
1084481,,,,"- I just did.
- ""Pregnant woman here to see you""...",,,False,False,False
1087200,,,,Give me a fucking nosebleed., : 'Give me a big shock.',,True,False,False
1089034,,,,"I... I... I...
I would never...",,,False,False,False
1090453,,,,"I am so sorry.
I would never inter...",,,False,False,False
1092104,,,,"- (door slams)
- Inter... interrupt.",,,False,False,False
1094039,,,,I go. I...,,,False,False,False
1097659,,,,"Man: Gentlemen, welcome
to the Brighton.",,,False,False,False
1099744,,,,"We got a nice
high floor, right?",,,False,False,False
1101580,,,,I want to look at the water.,,,False,False,False
1102997,,,,"Oh, rest assured, sir, all our
rooms have an ocean view.",,,False,False,False
1105950,,,,"- Boys.
- Mr. Torrio.",,,False,False,False
1107634,,,,"Rothstein.
See, I told you he'd come.",,,False,False,False
1111889,,,,"[Torrio]: Big Jim Colosimo,
Arnold Rothstein,",,,False,False,False
1114458,,,,and Charlie Luciano.,,,False,False,False
1116461,,,,"Charlie, how are you?",,,False,False,False
1118261,,,,(Speaking Italian),,,False,False,False
1122014,,,,How you doing?,,,False,False,False
1124633,,,,Come on.,,,False,False,False
1137863,,,,(Door opens),,,False,False,False
1141917,,,,You must please come this way.,,,False,False,False
1148087,,,,"David, I am so sorry I'm late.",,,False,False,False
1151658,,,,Tell Nucky I ain't got all day.,,,False,False,False
1156629,,,,(Clears throat),,,False,False,False
1158298,,,,Mrs. Schröder to see you.,,,False,False,False
1168207,,,,"Please, have a seat.",,,False,False,False
1170108,,,,May I offer you tea?,,,False,False,False
1172010,,,,"- (Irish accent) Thank you, I'm fine.
- No, it's no trouble.",,,False,False,False
1174947,,,,"- Have you eaten?
- Thank you no.",,,False,False,False
1176848,,,,"I mean I have, yes.",,,False,False,False
1179283,,,,"I've eaten, but I...",,,False,False,False
1181287,,,,"Okay, relax.
Please.",,,False,False,False
1184988,,,,"- No more appointments.
- Ja.",,,False,False,False
1189025,,,,"Is that a bit of the old country
I hear in your voice?",,,False,False,False
1193079,,,,"My husband says I sound
like an immigrant.",,,False,False,False
1195365,,,,"Ah. But we're all
immigrants, are we not?",,,False,False,False
1204006,,,,Tell me how I can help you.,,,False,False,False
1206040,,,,"First of all, sir,",,,False,False,False
1208727,,,,I would never...,,,False,False,False
1212649,,,,"but when I heard
you speak, I...",,,False,False,False
1215401,,,,There there now.,,,False,False,False
1219521,,,,My apologies.,,,False,False,False
1221905,,,,"My husband,",,,False,False,False
1223890,,,,"he has a weakness
for the dice games.",,,False,False,False
1226727,,,,"He's a drinker as well
on occasion.",,,False,False,False
1234535,,,,Is this your first child?,,,False,False,False
1236419,,,,Our third.,,,False,False,False
1239205,,,,We've a boy and a girl.,,,False,False,False
1244043,,,,"Do you have children
of your own, Mr. Thompson?",,,False,False,False
1248380,,,,I'm sorry.,,,False,False,False
1250016,,,,That was quite forward.,,,False,False,False
1252301,,,,"Not at all.
I do not.",,,False,False,False
1257606,,,,I lost my wife to consumption.,,,False,False,False
1262560,,,,"Oh, I'm sorry.",,,False,False,False
1265030,,,,She was very pretty.,,,False,False,False
1268867,,,,She was.,,,False,False,False
1272652,,,,"Hey, uh, Nucky?",,,False,False,False
1274654,,,,"- I'm gonna go now.
- Oh, I'm in a meeting.",,,False,False,False
1277874,,,,"No, please, I...",,,False,False,False
1279826,,,,"No, Mrs. Schröder,
Lucy Danziger.",,,False,False,False
1283046,,,,Hello.,,,False,False,False
1284779,,,,Hi.,,,False,False,False
1291620,,,,So am I gonna see ya later?,,,False,False,False
1295756,,,,I'll get in touch.,,,False,False,False
1304815,,,,"- I'm sorry. I...
- No.",,,False,False,False
1307851,,,,"- I... she's my...
- It's...",,,False,False,False
1314658,,,,Does your husband work?,,,False,False,False
1316909,,,,He's a baker's helper.,,,False,False,False
1319446,,,,"But till tourist season
and with winter,",,,False,False,False
1322698,,,,"and the children
without boots, I...",,,False,False,False
1327319,,,,Your story moved me so.,,,False,False,False
1331506,,,,"If you could see your way
to give him a job, sir?",,,False,False,False
1337128,,,,"As you say...
until tourist season.",,,False,False,False
1341333,,,,However...,,,False,False,False
1343467,,,,"This should see you
through winter.",,,False,False,False
1345468,,,,"I'm not here
looking for charity.",,,False,False,False
1347169,,,,I insist.,,,False,False,False
1351358,,,,"I don't know what to say,
how to thank you.",,,False,False,False
1357681,,,,"I'd be honored to name
my child after you.",,,False,False,False
1360515,,,,Enoch?,,,False,False,False
1362652,,,,"You couldn't possibly
be so cruel.",,,False,False,False
1368856,,,,Jimmy?,,,False,False,False
1370592,,,,"- See that Mrs. Schröder gets home.
- I'm fine to walk, please.",,,False,False,False
1374462,,,,"No no no, you are
in no condition.",,,False,False,False
1376364,,,,"- Thank you, Mr. Thompson.
- Sure.",,,False,False,False
1379216,,,,Pardon me.,,,False,False,False
1380883,,,,"Your friends from Chicago checked in.
The New York gangs too.",,,False,False,False
1383721,,,,"- We're all set for tonight then?
- 8:00, the Traymore.",,,False,False,False
1385805,,,,"- Good.
- Say, Nuck,",,,False,False,False
1387021,,,,"I was hoping
to bend your ear...",,,False,False,False
1388474,,,,"Drop her off then meet me
at the pier later.",,,False,False,False
1394313,,,,"¶ The laddie told the girlie
he must go away ¶",,,False,False,False
1397933,,,,"¶ oh, and her little heart
with grief 'most broke ¶",,,False,False,False
1402437,,,,"¶ well, she said,
""you know I love you, honey ¶",,,False,False,False
1404657,,,,"¶ I love you, honey,
best of all ¶",,,False,False,False
1406824,,,,"¶ so, baby, don't go away"" ¶",,,False,False,False
1411563,,,,¶ just as he went to go ¶,,,False,False,False
1417500,,,,¶ it grieved the girlie so ¶,,,False,False,False
1423173,,,,¶ these words ¶,,,False,False,False
1425459,,,,¶ he heard her say ¶,,,False,False,False
1431380,,,,¶ some ¶,,,False,False,False
1433881,,,,¶ of ¶,,,False,False,False
1435969,,,,¶ these days ¶,,,False,False,False
1439806,,,,"¶ oh, you'll miss me, honey ¶",,,False,False,False
1444359,,,,¶ some of these days ¶,,,False,False,False
1447928,,,,¶ you're gonna feel so lonely ¶,,,False,False,False
1452934,,,,"¶ you're gonna miss
my hugging ¶",,,False,False,False
1456738,,,,"¶ you're gonna
miss my kissing ¶",,,False,False,False
1460656,,,,"¶ you're gonna miss me, honey ¶",,,False,False,False
1464878,,,,¶ when I'm far away ¶,,,False,False,False
1472468,,,,¶ I feel so lonely ¶,,,False,False,False
1476121,,,,¶ just for you only ¶,,,False,False,False
1479958,,,,"¶ Mmm, you know, honey ¶",,,False,False,False
1483977,,,,¶ I let you have your way ¶,,,False,False,False
1487732,,,,¶ and when you leave me ¶,,,False,False,False
1492187,,,,"- ¶ I know it will grieve me...
¶ - (Horn honks)",,,False,False,False
1495273,,,,"[Mrs. Schröder]:
It's best you leave me here.",,,False,False,False
1496992,,,,"[Jimmy]: What was that?
- Please,",,,False,False,False
1498043,,,,"- could you leave me here?
- Right here?",,,False,False,False
1500811,,,,"- Okay.
- Thank you.",,,False,False,False
1511988,,,,"- May I help you inside?
- I'm fine.",,,False,False,False
1514874,,,,"- You sure?
- Thank you.",,,False,False,False
1523547,,,,"- Where have you been?
- I was, um...",,,False,False,False
1525717,,,,Get in the house.,,,False,False,False
1528719,,,,Who the hell is that?,,,False,False,False
1535226,,,,"- (Horn blares)
- (Music playing)",,,False,False,False
1540865,,,,"[Barker]: Gather around and
behold, ladies and gentlemen,",,,False,False,False
1544150,,,,"the catch of the day!
For Neptune yields...",,,False,False,False
1547319,,,,"the treasures from his
watery kingdom:",,,False,False,False
1549989,,,,"sea bass, eel, blue crabs,",,,False,False,False
1552243,,,,king mackerel and flounder...,,,False,False,False
1554294,,,,Nucky.,,,False,False,False
1555577,,,,"Bill McCoy, as I live
and breathe.",,,False,False,False
1559130,,,,"- Have you been up north lately?
- Funny you should ask.",,,False,False,False
1561750,,,,"I just got back...
a little souvenir shopping.",,,False,False,False
1564052,,,,"There are things you just
can't get back home anymore.",,,False,False,False
1568039,,,,"A load's coming in
tomorrow night.",,,False,False,False
1571091,,,,(Bell rings),,,False,False,False
1573260,,,,"Canadian club, straight
from the distillery.",,,False,False,False
1575563,,,,500 crates at 100 clams per.,,,False,False,False
1577932,,,,"- That's a nice even number.
- It keeps the arithmetic easy.",,,False,False,False
1580734,,,,"- I am a simple fisherman, after all.
- Not anymore, you're not.",,,False,False,False
1584988,,,,"""And he took
the loaves and fishes,",,,False,False,False
1586723,,,,"looked at his disciples
and said,",,,False,False,False
1589109,,,,"'fuck it. We're goin' into
the whiskey business""."," """"Let's go ahead and start the liquor business.""""",,True,False,False
1593444,,,,"- How much for the whole kaboodle?
- (Whistles)",,,False,False,False
1595780,,,,"It's a big city, Billy boy,
a lot of thirsty people.",,,False,False,False
1600668,,,,40 grand.,,,False,False,False
1602836,,,,35 and we'll do it once a week.,,,False,False,False
1605291,,,,What does that come to a crate?,,,False,False,False
1606791,,,,"A fuck of a lot more than you're
paying for it. That's for sure.", A significant amount more than what you paid. That's undoubtedly true.,,True,False,False
1610794,,,,Do we have a deal or no?,,,False,False,False
1615616,,,,Dirty chiseler., Clever swindler.,,True,False,False
1616801,,,,"You'll hear from my brother
about the particulars.",,,False,False,False
1619135,,,,"Where are you going?
I thought we were having a drink.",,,False,False,False
1621605,,,,"I already got what I wanted.
What the fuck would we talk about?"," I already achieved my goal.
What else is there to discuss?",,True,False,False
1624057,,,,"- (Snickers)
- Say, Nucky,",,,False,False,False
1625692,,,,"- about that thing.
- What thing?",,,False,False,False
1627526,,,,"- The thing I wanted to talk to you about.
- Wait, I gotta get cigarettes.",,,False,False,False
1629811,,,,(Music continuing),,,False,False,False
1645575,,,,(People talking quietly),,,False,False,False
1652499,,,,"- Nucky Thompson is here.
- (Gasps)",,,False,False,False
1656336,,,,"Mr. Thompson,
what an honor.",,,False,False,False
1659223,,,,"He was a good man.
My deepest condolences.",,,False,False,False
1661925,,,,"I hadn't even realized
you knew my husband.",,,False,False,False
1664978,,,,"Oh, of course. He was a fine fellow.
Just last month we spoke.",,,False,False,False
1668798,,,,Oh...,,,False,False,False
1670933,,,,But the laryngectomy.,,,False,False,False
1689750,,,,"Fellas, meet the missus.",,,False,False,False
1692253,,,,"She ain't much on personality,",,,False,False,False
1694037,,,,"but she don't talk back none neither.
(Giggling)",,,False,False,False
1698489,,,,"What's the matter, kid,
never seen a stiff before?",,,False,False,False
1701011,,,,I've seen a couple.,,,False,False,False
1706016,,,,"I'm short on time, Mickey.
What'd you want to show me?",,,False,False,False
1708800,,,,(Sighs) So much for the niceties.,,,False,False,False
1717174,,,,(Giggling),,,False,False,False
1719026,,,,(Music playing),,,False,False,False
1720845,,,,"(Chatting,
glassware clinking)",,,False,False,False
1730704,,,,"My factory, gentlemen.",,,False,False,False
1732489,,,,"- Quite an operation.
- 10 shiners,",,,False,False,False
1735191,,,,"two shifts, 24 hours a day...",,,False,False,False
1737360,,,,"Gotta figure we're puttin' out
close to 2,000 crates a week.",,,False,False,False
1740195,,,,"And that's just for starters.
(Giggles)",,,False,False,False
1742081,,,,"- None of this is legit?
- Not once they get through with it.",,,False,False,False
1745384,,,,"One part real,
eight parts water.",,,False,False,False
1747336,,,,"You heat it up, let it cool then add
your alcohol to bring up your proof.",,,False,False,False
1750705,,,,"- Where do you get your alcohol?
- Potatoes.",,,False,False,False
1753225,,,,"You let 'em ferment.
It smell's rough,",,,False,False,False
1756761,,,,"but compared to a stiff,
it's fuckin' lilacs."," Compared to something firm, it's like fragrant lilacs.",,True,False,False
1759047,,,,"(Giggles)
After you add the alcohol,",,,False,False,False
1761015,,,,"you throw in your caramel
coloring, your oil of rye,",,,False,False,False
1763853,,,,"bourbon... depending
what you want.",,,False,False,False
1766071,,,,"- You can make scotch too?
- Naturally.",,,False,False,False
1768771,,,,"You just gotta add some
carbonyl though for the bead.",,,False,False,False
1771490,,,,"- What's that?
- The bubbles.",,,False,False,False
1773911,,,,"Higher the proof,",,,False,False,False
1775530,,,,"more bead it's supposed
to have.",,,False,False,False
1777730,,,,"Go on, bottoms up.",,,False,False,False
1785369,,,,(Laughing),,,False,False,False
1789674,,,,"- What the fuck's in this shit?
- Carbonyl, like I said."," - What's in this is Carbonyl, as mentioned earlier.",,True,False,False
1792576,,,,"Formaldehyde.
(Giggles)",,,False,False,False
1795047,,,,"- Formaldehyde, huh?
- Hey hey hey hey!",,,False,False,False
1797581,,,,"- What are you doing?
- Cocksucker!"," : ""- What are you doing?
- Insulting me!""",,True,False,False
1801919,,,,(Gasps),,,False,False,False
1808024,,,,"What the hell's wrong with you?
Out!",,,False,False,False
1810760,,,,Now! Beat it.,,,False,False,False
1813262,,,,"Jimmy, out!",,,False,False,False
1820369,,,,"- Stupid bohunk.
- It was just a gag, okay?",,,False,False,False
1823271,,,,"- Yeah, you're a real pistol.
- Enough with the bohunk cracks.",,,False,False,False
1826607,,,,"- My name's Doyle now.
- What?",,,False,False,False
1829243,,,,"I changed it.
I ain't Mickey Cusick no more.",,,False,False,False
1832397,,,,"- Who's after you?
- Nobody.",,,False,False,False
1835434,,,,"- Then why Doyle?
- It sounds better is all.",,,False,False,False
1838636,,,,A rose by any other name.,,,False,False,False
1841106,,,,What's that supposed to mean?,,,False,False,False
1843324,,,,Read a fucking book., Read a helpful guide.,,True,False,False
1849147,,,,"- What, are you off your nut?
- You didn't drink that piss, I did."," : ""- What, are you acting strange?
- I drank that, not you.""",,True,False,False
1852117,,,,"- You're still breathing, aren't you?
- Yeah, so's he.",,,False,False,False
1854535,,,,"That's the problem...
he's still breathing.",,,False,False,False
1856652,,,,"- He's part of my operation, kid.
- You don't need him.",,,False,False,False
1860040,,,,What would you know about it?,,,False,False,False
1862493,,,,"What's with you? And don't tell
me it's your goddamned stomach.",,,False,False,False
1865628,,,,"You want to know what's with me?
Honestly?",,,False,False,False
1867796,,,,"- Yeah.
- Paddy Ryan.",,,False,False,False
1870265,,,,"You really expect me
to go work for that Mick?",,,False,False,False
1873168,,,,You'd rather be my driver?,,,False,False,False
1875270,,,,"Of course not, Nuck.
It's just you... you...",,,False,False,False
1876939,,,,"make Ryan clerk?
I can run rings around that chump.",,,False,False,False
1880375,,,,"Oh, listen to Bonnie
prince Charlie.",,,False,False,False
1882859,,,,"C'mon, Nuck, you were assistant
sheriff when you were my age.",,,False,False,False
1885530,,,,"And for eight years prior I spent night
and day kissing the commodore's ass."," For eight years prior, I spent night and day showing great respect to the commodore.",,True,False,False
1889116,,,,"I've been kissing your ass
since I was 12!","I've been praising you
since I was young!",,True,False,False
1891069,,,,"And what about
the last three years?",,,False,False,False
1895122,,,,I wanted to serve my country.,,,False,False,False
1896789,,,,"- And nearly get yourself killed.
- Sssh.",,,False,False,False
1899076,,,,"Did it ever occur how your
girl might feel about that?",,,False,False,False
1901962,,,,"- Your little boy?
- Look, if that was my fate, then so be it.",,,False,False,False
1905799,,,,And he wants to be in politics.,,,False,False,False
1908050,,,,"You know who dies for their country, kid?
Fucking rubes, that's who."," ""You know who sacrifices for their nation, child?
True patriots, that's who.""",,True,False,False
1913639,,,,"Yeah well, I'm home now, Nuck.",,,False,False,False
1915673,,,,"- So how about it?
- Had you stayed in school,",,,False,False,False
1918709,,,,"it'd have been you
in that job and not Ryan.",,,False,False,False
1921011,,,,"All right, so you're punishing me.
Is that it?",,,False,False,False
1923516,,,,"- You're punishing me.
- I'm telling you to slow down,",,,False,False,False
1925934,,,,"get the lay of the land.
You've been home now what? A month?",,,False,False,False
1931053,,,,"Nucky, I'm not
the same kid that left.",,,False,False,False
1936661,,,,I've seen things.,,,False,False,False
1938695,,,,"- I've done things. - Well, how are
we gonna keep you down on the farm?",,,False,False,False
1942865,,,,"- I'm serious.
- I know.",,,False,False,False
1946451,,,,"All right, look,",,,False,False,False
1948454,,,,"that's 1,000 bucks.
Go buy yourself...",,,False,False,False
1950423,,,,"- a decent suit...
- I don't want your money!",,,False,False,False
1952574,,,,"A fella hands you a grand,
you tell him to fuck himself?"," A person offers you a large amount of money,
you respond by telling them they should do it themselves.",,True,False,False
1955343,,,,"You're a pip, kid, I gotta say.",,,False,False,False
1957763,,,,"Nucky, all I want
is an opportunity.",,,False,False,False
1961415,,,,"This is America, ain't it?
Who the fuck's stopping you?"," In this land, aren't we free to act as we please?
Who is preventing you from doing so?",,True,False,False
1966054,,,,"Come on, let's go.",,,False,False,False
1968721,,,,"- [Mrs. Schröder]: One for you.
- [Girl]: Two!",,,False,False,False
1971857,,,,"- And two.
- Two pile of soups.",,,False,False,False
1975261,,,,And one for you.,,,False,False,False
1980233,,,,"[Mr. Schröder]:
The automobile?",,,False,False,False
1983101,,,,"Tell me again how you came
to find yourself...",,,False,False,False
1985236,,,,"getting chauffeured
around town.",,,False,False,False
1988792,,,,I told you.,,,False,False,False
1991276,,,,"I was walking past the church
when I felt faint.",,,False,False,False
1994413,,,,Mr. Thompson saw me...,,,False,False,False
1996130,,,,"and was kind enough to have
his driver see me home.",,,False,False,False
2001784,,,,C'mere.,,,False,False,False
2011312,,,,You are a little warm.,,,False,False,False
2015265,,,,"And you're feeling better
now though, are you?",,,False,False,False
2017766,,,,I am.,,,False,False,False
2022354,,,,And this?,,,False,False,False
2024240,,,,"How this find its way
under the mattress?",,,False,False,False
2026092,,,,Mommy...,,,False,False,False
2027010,,,,"That money belongs
to the children.",,,False,False,False
2028528,,,,"Like fuck it does!
Where'd you get it?"," Where'd you acquire it?
It doesn't seem true!",,True,False,False
2031247,,,,"- Huh?
- Never you mind where I got it.",,,False,False,False
2033747,,,,"- By whoring yourself out?
- (Screams)",,,False,False,False
2036150,,,,"- You whore!
- (Wailing)"," - You're not very kind.
   - (Crying)",,True,False,False
2041488,,,,"- You gimme that money.
- No, you sit down...",,,False,False,False
2043957,,,,or you'll get the belt!,,,False,False,False
2049664,,,,"- Eat your food.
- I want mommy!",,,False,False,False
2052131,,,,"- Eat your food.
- (Wailing)",,,False,False,False
2058386,,,,(Music playing),,,False,False,False
2062608,,,,Ahh.,,,False,False,False
2064277,,,,Ohh.,,,False,False,False
2065862,,,,Thank you.,,,False,False,False
2070147,,,,"[Torrio]:
This is them.",,,False,False,False
2073952,,,,Gentlemen.,,,False,False,False
2075787,,,,Enoch Thompson.,,,False,False,False
2078122,,,,"- (Pats)
- Okay.",,,False,False,False
2080240,,,,"- Big Jim Colosimo.
- Ah, Mr. Thompasoni.",,,False,False,False
2082576,,,,"- Nice to see you.
- Pleasure to meet you.",,,False,False,False
2084460,,,,"[Nucky]: Come on in.
Now if you come back here in July,",,,False,False,False
2086964,,,,"at the pool they have
the sea nymph festival.",,,False,False,False
2089048,,,,"- Seamina festival?
- You should come for that.",,,False,False,False
2091885,,,,"- Got them.
- [Nucky]: Like mermaids.",,,False,False,False
2094088,,,,"January 16th,
it's 8:03 pm.",,,False,False,False
2096372,,,,"Johnny Torrio meeting
with Nucky Thompson.",,,False,False,False
2098725,,,,"- Which one's Torrio?
- The gray tweed.",,,False,False,False
2101426,,,,"""Gray tweed"".",,,False,False,False
2103679,,,,(Bell dings),,,False,False,False
2105714,,,,"We got a bead on Rothstein.
He just came in with Luciano.",,,False,False,False
2108732,,,,"This other fellow
is big Jim Colosimo.",,,False,False,False
2111068,,,,"- Come again?
- In the Homburg.",,,False,False,False
2113271,,,,"- The Hamburg?
- The Homburg.",,,False,False,False
2115590,,,,"Never mind.
He took it off.",,,False,False,False
2119161,,,,"- Who's this fella now?
- Who?",,,False,False,False
2121161,,,,"- The guy in the brown suit.
- That's the concierge.",,,False,False,False
2123196,,,,"- It's ""Sierge""?
- The manager, he works here.",,,False,False,False
2128451,,,,"So the red tie, that's big Jim?",,,False,False,False
2132339,,,,Does that man look big to you?,,,False,False,False
2134340,,,,"- How's that?
- It's Arnold Rothstein.",,,False,False,False
2136927,,,,So it's not Colosimo?,,,False,False,False
2139127,,,,"- Arnold Rothstein.
- And Nucky Luciano.",,,False,False,False
2143548,,,,"- Lucky!
- Come again?",,,False,False,False
2144882,,,,"Lucky Luciano,
Nucky Thompson.",,,False,False,False
2148888,,,,So... who's Colosimo?,,,False,False,False
2152439,,,,(Growls),,,False,False,False
2154808,,,,"- (Classical music playing)
- (Chatting)",,,False,False,False
2162234,,,,"Fella goes to divorce court.
The judge says...",,,False,False,False
2164818,,,,"""I've decided to give
your wife 25 dollars a week"".",,,False,False,False
2167203,,,,"Fella says ""that's mighty
swell of you, judge.",,,False,False,False
2168788,,,,"I'll try to send her a few clams
myself now and again"".",,,False,False,False
2176128,,,,"- Clams?
- Money.",,,False,False,False
2177747,,,,"Clams, money, capiro?",,,False,False,False
2180248,,,,"Money, capiro?",,,False,False,False
2182417,,,,"You should put it
in some lobster too, no?",,,False,False,False
2187456,,,,No!,,,False,False,False
2189508,,,,"No no no.
None for me.",,,False,False,False
2192059,,,,"You're a law-abiding
citizen, eh?",,,False,False,False
2193978,,,,"- No, teetotaler. Never touch it.
- Oh.",,,False,False,False
2196128,,,,"- He's the lightweight.
- I like to stay sharp at the tables.",,,False,False,False
2199401,,,,"Yeah, sharp.
The way he wins, he wants to be sharp.",,,False,False,False
2202236,,,,"Last year he clear 2 million
just of the world series alone, eh?",,,False,False,False
2206123,,,,"- Two milliones.
- And they call that one lucky.",,,False,False,False
2208992,,,,"What do you think
I'm sitting next to him for?",,,False,False,False
2211244,,,,"Hey, boy, do you have
any Caruso records?",,,False,False,False
2213812,,,,"- Enrico Caruso?
- That's fine.",,,False,False,False
2216582,,,,"- Caruso, no?
- Go find some and play it.",,,False,False,False
2218417,,,,"- Put it on, eh?
- Tell the boys.",,,False,False,False
2219985,,,,It's like funeral music here.,,,False,False,False
2221919,,,,"- (Laughter)
- How's the chow, fellas?",,,False,False,False
2224006,,,,"- Fine.
- Delicious.",,,False,False,False
2225757,,,,"[Colosimo]:
Oh, ma, she's the best, eh?",,,False,False,False
2227842,,,,"You should come to my
restaurant sometime, eh?",,,False,False,False
2229494,,,,"- Sure.
- I treat you nice, eh?",,,False,False,False
2231327,,,,"Come on, if you like to eat,
you eat.",,,False,False,False
2233381,,,,If you don't like to eat...,,,False,False,False
2236634,,,,"- Hmm?
- Who doesn't like to eat?",,,False,False,False
2240888,,,,"- (Singing in Italian)
- Chicago's a fine town.",,,False,False,False
2243274,,,,"It ain't New York,
that's for sure.",,,False,False,False
2244974,,,,"New York ain't New York now
with prohibition.",,,False,False,False
2246842,,,,"It will be if I have
something to say about it.",,,False,False,False
2249062,,,,"Ain't that the reason
we're all here tonight?",,,False,False,False
2253516,,,,"As you know, in light
of recent developments,",,,False,False,False
2255951,,,,"I thought it might be of mutual
benefit for you boys to meet.",,,False,False,False
2258821,,,,"All the way from chi-town out
of the goodness of his heart.",,,False,False,False
2261790,,,,"When I say mutual benefit,
I mean mine too.",,,False,False,False
2264242,,,,"I didn't come here
for the pastasciutta.",,,False,False,False
2266244,,,,"I'll be expecting
a matchmaking fee.",,,False,False,False
2269697,,,,Of course.,,,False,False,False
2271798,,,,"See, in addition to their other enterprises,
Messrs. Rothstein and Luciano...",,,False,False,False
2275753,,,,"have significant interests in the
cabaret business back in New York.",,,False,False,False
2279205,,,,"And a man such as yourself,",,,False,False,False
2280923,,,,"with both political influence as
well as a passing acquaintance...",,,False,False,False
2283926,,,,"with the seafaring types
of the Atlantic ocean...",,,False,False,False
2286011,,,,"hey, Johnny, talk English.",,,False,False,False
2289599,,,,"Salvatore...
(Speaking Italian)",,,False,False,False
2293319,,,,...Big business.,,,False,False,False
2294386,,,,"[Luciano]:
So what's the difference?",,,False,False,False
2300408,,,,"Go ahead, do what you
were going to do.",,,False,False,False
2302494,,,,Could you fix us up or no?,,,False,False,False
2305080,,,,"We'll take alls we can get
up to 2,000 crates a month.",,,False,False,False
2308332,,,,For starters.,,,False,False,False
2314755,,,,You young fellas...,,,False,False,False
2316406,,,,"no appreciation for
the art of conversation.",,,False,False,False
2322845,,,,"All right, yeah, I gotta piss.", 'I need to use the restroom.',,True,False,False
2329602,,,,I apologize.,,,False,False,False
2331053,,,,"Ambition can be read
as impatience sometimes.",,,False,False,False
2335440,,,,"- Arrogance too.
- Ehh...",,,False,False,False
2339946,,,,"I have a friend...
a judge.",,,False,False,False
2342397,,,,"His daughter's wedding
is in a week.",,,False,False,False
2344598,,,,"I'd like to be able to accommodate
him and their 700 guests.",,,False,False,False
2349203,,,,"- You haven't stockpiled?
- Mmmm.",,,False,False,False
2350737,,,,"All sold already.
I'm coming up short.",,,False,False,False
2354941,,,,"Well, I have a load
coming in tomorrow.",,,False,False,False
2357544,,,,500 crates Canadian club.,,,False,False,False
2359879,,,,"Originally I'd planned to keep it,
but seeing how I'd like to start",,,False,False,False
2363049,,,,"our relationship off on the right
foot, how about I let you have it?",,,False,False,False
2366218,,,,"- How much?
- 60 grand for the entire load.",,,False,False,False
2369505,,,,"But you use your own men
for the pickup.",,,False,False,False
2381098,,,,"Send me over the details,
we'll settle up in cash tomorrow.",,,False,False,False
2383935,,,,All right.,,,False,False,False
2385654,,,,"All right, gentlemen,",,,False,False,False
2387854,,,,"- salut.
- Salut.",,,False,False,False
2389824,,,,Cheers.,,,False,False,False
2391108,,,,Cheers.,,,False,False,False
2393810,,,,I was in Chicago once.,,,False,False,False
2396111,,,,"- Good steaks.
- It's all right.",,,False,False,False
2400033,,,,"A little cold,
but so is Brooklyn.",,,False,False,False
2402151,,,,"You get used to it, I guess.",,,False,False,False
2404171,,,,"Summer of '17 I passed through there
on my way to Camp Grant.",,,False,False,False
2409289,,,,"Doughboy, huh?",,,False,False,False
2410960,,,,"- Uh-huh.
- Me too.",,,False,False,False
2413012,,,,The lost battalion.,,,False,False,False
2415931,,,,No kidding.,,,False,False,False
2418834,,,,"How about you?
You see any action?",,,False,False,False
2421435,,,,Little bit.,,,False,False,False
2423721,,,,"Caught some shrapnel
from a Jerry's grenade.",,,False,False,False
2426440,,,,"- Spent eight months in the hospital.
- Jesus.",,,False,False,False
2433814,,,,"Say, let me ask you something.",,,False,False,False
2437183,,,,"A guy like Rothstein,",,,False,False,False
2439017,,,,what's a fella like that worth?,,,False,False,False
2440986,,,,"Him?
10 million at least.",,,False,False,False
2444457,,,,"- On the level?
- He's as big as they come.",,,False,False,False
2446659,,,,"Christ, Luciano's sitting
on a half a million.",,,False,False,False
2449878,,,,"I know that for a fact.
Got a spread on park Avenue.",,,False,False,False
2453216,,,,"You make that much
running card games?",,,False,False,False
2456368,,,,Card hijacking.,,,False,False,False
2458002,,,,"He's a fucking
dope peddler too.", He's also dealing with illegal substances.,,True,False,False
2460305,,,,"Did six months for pushing
heroin a couple years back.",,,False,False,False
2463172,,,,But he only did six months?,,,False,False,False
2465176,,,,"Yeah, he bought a judge.",,,False,False,False
2467011,,,,Oh right.,,,False,False,False
2470397,,,,"Jeez, a half million dollars...
can you imagine that?",,,False,False,False
2472381,,,,"How old is...
what is he, like our age?",,,False,False,False
2475519,,,,"22, 23 maybe.",,,False,False,False
2485996,,,,"You guys gonna get into
the liquor business too?",,,False,False,False
2489282,,,,"Losimo says no.
Too much heat from the law.",,,False,False,False
2492733,,,,"Says there's enough money
in our whorehouses.",,,False,False,False
2496086,,,,But you don't agree?,,,False,False,False
2498372,,,,I'm Johnny's muscle.,,,False,False,False
2499642,,,,"- Who gives a fuck what I think?
- Yeah."," - Who doesn't care about my opinion?
- Correct.",,True,False,False
2502160,,,,"[Nucky]: If you get
in trouble, don't call me.",,,False,False,False
2503511,,,,"You call my brother.
And so what you want to do...",,,False,False,False
2506012,,,,"just ask for lolly.
He'll be expecting you.",,,False,False,False
2510767,,,,"I'd wish you luck, but it
sounds like you don't need it.",,,False,False,False
2512969,,,,"- We make our own luck.
- True enough.",,,False,False,False
2514770,,,,"Hey, nice talking to you, huh?",,,False,False,False
2516305,,,,"- You too.
- Jimmy Darmody.",,,False,False,False
2518525,,,,"- Al Capone.
- All right, Al.",,,False,False,False
2521759,,,,"Mr. Thompson, thank you
very very much.",,,False,False,False
2523846,,,,"The lobsters are very good.
You paid. I'm a happy man.",,,False,False,False
2527399,,,,"Next time we come to your
place, you pay for it.",,,False,False,False
2529735,,,,"- Eh, any time.
- You kick in the clams.",,,False,False,False
2532620,,,,"- Ahhh!
- A joke, yeah.",,,False,False,False
2534454,,,,"- Thanks again. A pleasure.
- [Colosimo]: You come to Chicago,",,,False,False,False
2536975,,,,"- I fix you up.
- All right.",,,False,False,False
2539078,,,,"- (Speaks Italian)
- Jimmy, stop with the clams.",,,False,False,False
2542547,,,,"- But, you know...
- It's a joke.",,,False,False,False
2544900,,,,"Americans...
they like to make a joke.",,,False,False,False
2547180,,,,(Piano playing),,,False,False,False
2565794,,,,(Laughing),,,False,False,False
2586708,,,,"- Hey, slow down, champ.
- You buy me candy.",,,False,False,False
2589096,,,,"No Taffy.
He looks like fatty Arbuckle Jr.",,,False,False,False
2592584,,,,"- Hey!
- No no no, sweetie, sweetie.",,,False,False,False
2593848,,,,"- This way, sweetie.
- Come here.",,,False,False,False
2595665,,,,"- This way.
- Come here, Tommy.",,,False,False,False
2597217,,,,"- Stay with daddy.
- Come here.",,,False,False,False
2598969,,,,"- Maybe we should get a photo.
- No, I don't feel like it today.",,,False,False,False
2602021,,,,"James Darmody?
Ma'am.",,,False,False,False
2604472,,,,"- That's right.
- Special Agent van Alden,",,,False,False,False
2606558,,,,bureau of internal revenue.,,,False,False,False
2609776,,,,"- Can I help you?
- Perhaps.",,,False,False,False
2611478,,,,"- Will you come with me?
- Jimmy.",,,False,False,False
2616032,,,,"It's okay, dear.
Go on home.",,,False,False,False
2617616,,,,What's this about?,,,False,False,False
2619617,,,,"It's fine.
I'll see you at home.",,,False,False,False
2621450,,,,"Thank you, ma'am.",,,False,False,False
2628491,,,,"[Agent]:
Distinguished service cross,",,,False,False,False
2630525,,,,battle of Saint...,,,False,False,False
2633793,,,,"- How do you say this?
- Mihiel.",,,False,False,False
2637879,,,,Seems to me...,,,False,False,False
2639631,,,,you're a man on the come.,,,False,False,False
2641532,,,,I'm doing all right.,,,False,False,False
2644167,,,,"College man too...
Princeton.",,,False,False,False
2648205,,,,For a while.,,,False,False,False
2652972,,,,Am I in trouble or something?,,,False,False,False
2655042,,,,Guilty conscience?,,,False,False,False
2658646,,,,"You mind telling me
what a go-getter like you",,,False,False,False
2660929,,,,"is doing working
for a crook like Thompson?",,,False,False,False
2665017,,,,"It's not like that Mr. Thompson
is a pillar of our community.",,,False,False,False
2668269,,,,"Tell it to Sweeney. We know all about him
and his little fiefdom.",,,False,False,False
2671555,,,,"The election rigging,
the graft...",,,False,False,False
2673055,,,,"None of which
we're interested in.",,,False,False,False
2677407,,,,"- What're you interested in?
- Liquor...",,,False,False,False
2679861,,,,"Its illegal importation
and manufacture.",,,False,False,False
2689750,,,,"How'd you like to come
work for the bureau?",,,False,False,False
2697906,,,,"- I got a bum leg.
- Suppose I say you don't?",,,False,False,False
2703425,,,,"You got a wife,
young son at home.",,,False,False,False
2709347,,,,"It's an honorable
profession, James,",,,False,False,False
2712918,,,,plenty of room for advancement.,,,False,False,False
2718803,,,,It's a godly pursuit.,,,False,False,False
2729813,,,,"Could I have one
of those cigarettes?",,,False,False,False
2734098,,,,"- Give him a light.
- Sure.",,,False,False,False
2739819,,,,"You do go to church,
don't you, Mr. Darmody?",,,False,False,False
2746989,,,,"Yeah, sure.",,,False,False,False
2748709,,,,Well then...,,,False,False,False
2751079,,,,"you know, right?",,,False,False,False
2756997,,,,"Yeah... what?
Know what?",,,False,False,False
2762836,,,,(Moaning),,,False,False,False
2765071,,,,"- Giddy up, cowboy.
- Lucy, stop... stop saying that.",,,False,False,False
2767788,,,,"Come on, daddy.",,,False,False,False
2770457,,,,"- Giddy up, cowboy.
- Lucy, stop!",,,False,False,False
2773012,,,,"- What?
- With the cowboy shit."," : ""- What do you mean?
- With your horseback ride.""",,True,False,False
2775261,,,,"- It's distracting.
- Okay, Nucky, come on.",,,False,False,False
2778179,,,,"- (Loud moaning)
- Oh yeah.",,,False,False,False
2785903,,,,"- (Knock on door)
- [Eddie]: Nucky!",,,False,False,False
2787571,,,,"- (Grunts)
- What?!",,,False,False,False
2790189,,,,"I heard screaming.
Are you alright?",,,False,False,False
2793525,,,,"- (Sighs)
- May I enter?",,,False,False,False
2795277,,,,"- No! What do you want?
- Steinman's on the wire.",,,False,False,False
2799079,,,,Oh Christ.,,,False,False,False
2800646,,,,"- What?
- All right.",,,False,False,False
2803781,,,,He is always interrupting us!,,,False,False,False
2806918,,,,"Jeez Louise.
(Growls)",,,False,False,False
2809202,,,,What?,,,False,False,False
2812254,,,,"Screaming?
We were fucking, Eddie!"," Arguing?
We were in a heated moment, Eddie.",,True,False,False
2815624,,,,Fucking., Darn it.,,True,False,False
2820124,,,,(Slams),,,False,False,False
2821626,,,,"- Hello?
- It's Lolly.",,,False,False,False
2823996,,,,"Hey listen, your friend
from New York, the bankroll?",,,False,False,False
2826300,,,,"- He just took us for 90 grand.
- What?",,,False,False,False
2829685,,,,"16 hours and he wants
to keep going.",,,False,False,False
2832167,,,,"We ain't that flush
right now, Nuck.",,,False,False,False
2838056,,,,"All right, I'll be right there.",,,False,False,False
2844392,,,,"- [Nucky]: Eddie!
- Yea-ah?",,,False,False,False
2846278,,,,"- Tell Jimmy to bring the car around.
- Jimmy called to be out sick.",,,False,False,False
2850148,,,,(Sighs) Son of a bitch.," Ah, bummer.",,True,False,False
2854983,,,,(Door rattles),,,False,False,False
2856520,,,,"- Lucy, open the door.
- No!",,,False,False,False
2858519,,,,"Oh, come on, baby.
I gotta get dressed.",,,False,False,False
2860522,,,,No fucking way!," : ""Not at all likely!""",,True,False,False
2862689,,,,"- (Sighs)
- Go spend time with Eddie.",,,False,False,False
2864741,,,,"He's obviously more
important than me.",,,False,False,False
2866826,,,,I...,,,False,False,False
2868294,,,,"no, he's not more
important than you.",,,False,False,False
2871129,,,,"But Arnold Rothstein
and 90,000 dollars is more important!",,,False,False,False
2874967,,,,"- Open the goddamn door!
- No!",,,False,False,False
2879887,,,,(Groans),,,False,False,False
2880903,,,,"Why don't you go
hang out with him?",,,False,False,False
2882720,,,,"- (Lucy shouting)
- Yeah, you do it. My back.",,,False,False,False
2885290,,,,"Get in there.
Yeah yeah!",,,False,False,False
2887674,,,,"Please, Lucy, it's very
important for Eddie to come in.",,,False,False,False
2890509,,,,"- Open the...
- Open the fucking door!"," : ""- Open the...
- Open the darn door!""",,True,False,False
2899216,,,,(Music playing),,,False,False,False
2912393,,,,"- Where is he?
- Eating with the Italian fellow.",,,False,False,False
2914744,,,,"I didn't want to say nothing,
but this Rothstein's a cheater.",,,False,False,False
2917662,,,,"Honestly, if he wasn't who he is, they'd
have found him in a fucking alley."," : 'Honestly, if he wasn't who he is, they would have likely found him in a dangerous place.'",,True,False,False
2921331,,,,"- Well, he is who he is.
- That's why I called.",,,False,False,False
2930870,,,,You fellows ever hear of sleep?,,,False,False,False
2933240,,,,"Who can sleep
with all this excitement?",,,False,False,False
2937044,,,,"I heard luck had nothing
a lucky to do with it.",,,False,False,False
2939762,,,,"I'm a skilled player
is what he means.",,,False,False,False
2942130,,,,"- That's what I hear.
- Mmm, so?",,,False,False,False
2945098,,,,"What's all this
about cutting me off?",,,False,False,False
2946885,,,,"It's not that.
It's a small house.",,,False,False,False
2949469,,,,"We just can't handle your kind
of action right now.",,,False,False,False
2951970,,,,Your credit's good with me.,,,False,False,False
2955639,,,,"Why don't we get to know
each other better?",,,False,False,False
2957640,,,,"I don't think I like
what I'm hearing.",,,False,False,False
2959309,,,,"Maybe you shouldn't be listening
to the grown-ups' conversations.",,,False,False,False
2961894,,,,"- How is that?
- Charlie, sit down.",,,False,False,False
2963929,,,,Charlie... Charlie.,,,False,False,False
2975120,,,,(Pats),,,False,False,False
2976938,,,,"As of now, you owe me...",,,False,False,False
2979322,,,,"well, 93 grand.",,,False,False,False
2982074,,,,"Less 60 for tonight's load
knocks it to 33.",,,False,False,False
2986377,,,,So you could keep playing then.,,,False,False,False
2988463,,,,"I don't gamble where
I don't feel welcome.",,,False,False,False
2990497,,,,I'm sorry you feel that way.,,,False,False,False
2993450,,,,Cash him out.,,,False,False,False
2999456,,,,"Thompson, right?",,,False,False,False
3002773,,,,"I heard you're familiar
with my wife.",,,False,False,False
3007093,,,,"- Pardon?
- My wife.",,,False,False,False
3009478,,,,"Margaret...
you drove her home.",,,False,False,False
3015132,,,,"- Where'd you get that money?
- What business is that of yours?",,,False,False,False
3017934,,,,"That money belongs
to your wife.",,,False,False,False
3019718,,,,"Oh, so it was you
who give it to her.",,,False,False,False
3021854,,,,"- Here, you prick. I'm winning anyway.
- (Crowd gasps)"," : ""- Here, buddy. I've got this in the bag anyways.""
- (Crowd lets out an amazed sound)",,True,False,False
3024906,,,,"- [Dealer]: Hey hey!
- (Grunts)",,,False,False,False
3028191,,,,Toss him the fuck out., : Toss him out forcefully.,,True,False,False
3037648,,,,"All right, we went over
the rules in the locker room.",,,False,False,False
3039835,,,,"I want a good clean fight.
No holding, no low blows,",,,False,False,False
3042248,,,,"break when I tell you.
Now touch gloves and come out fighting.",,,False,False,False
3044985,,,,(Bell dings),,,False,False,False
3058294,,,,(Laughing),,,False,False,False
3061332,,,,"Hit him!
Fucking hit him."," Whack him!
Give him a good wallop.",,True,False,False
3064016,,,,"[Man]: Keep your right up.
Hook, jab, jab, jab.",,,False,False,False
3067219,,,,(Shouting),,,False,False,False
3074192,,,,"If I was you I'd bet
on the little guy.",,,False,False,False
3077026,,,,"- What are you doing here?
- I'm a fight fan.",,,False,False,False
3080313,,,,What else?,,,False,False,False
3083113,,,,(Laughing),,,False,False,False
3088400,,,,"So how much you know
about this haul...",,,False,False,False
3090788,,,,"that's coming in tonight
for Rothstein?",,,False,False,False
3098857,,,,"I tell you, for a fellow good-looking
as me, I sure do get the homely girls.",,,False,False,False
3102710,,,,"- (Snickers)
- I don't mind the homely ones,",,,False,False,False
3105163,,,,"especially when they're dumb.
I love the dumb ones.",,,False,False,False
3108082,,,,"My girl is so dumb,",,,False,False,False
3110333,,,,"she thought that daylight
savings was a bank.",,,False,False,False
3114467,,,,"My girl is so dumb, she thinks",,,False,False,False
3115884,,,,"long island sound
makes a noise.",,,False,False,False
3118538,,,,"It's true!
Thank you, thank you.",,,False,False,False
3120639,,,,"That worked better than this afternoon.
You're a wonderful crowd.",,,False,False,False
3123559,,,,"My girl is so so dumb,",,,False,False,False
3125044,,,,"she thought that iceberg
was a Yiddishe name.",,,False,False,False
3127512,,,,(Praying),,,False,False,False
3129512,,,,"My girl is so dumb, she tried to
buy plum pudding from a plumber.",,,False,False,False
3132478,,,,"- All right, let's go.
- No, it's true.",,,False,False,False
3135268,,,,"Had him running all over town.
Something else about my girl,",,,False,False,False
3137768,,,,"she was so dumb, they finally had
to burn down the schoolhouse",,,False,False,False
3140271,,,,"to get her out
of the second grade.",,,False,False,False
3142555,,,,"They let her pose
for the class photo,",,,False,False,False
3145322,,,,"but oh boy, was she homely.",,,False,False,False
3147659,,,,"You've heard
of crocodile shoes?",,,False,False,False
3149577,,,,"Well, she had a pair...
with a complexion to match!",,,False,False,False
3152279,,,,"- (Rimshot)
- I took her to visit the zoo.",,,False,False,False
3154532,,,,"Why, the zookeeper thanked me
for bringing her back.",,,False,False,False
3157615,,,,"Lovely family though...
very nice girl.",,,False,False,False
3159535,,,,"Lovely family. Her poor father
died of throat trouble...",,,False,False,False
3162502,,,,they hung him.,,,False,False,False
3166371,,,,"Her poor brother, lovely
chap, but he's gone too.",,,False,False,False
3168924,,,,"With good behavior, he should
be back in about 10 years.",,,False,False,False
3172476,,,,"He used to work in a bank, but no
matter how much the boss likes you,",,,False,False,False
3176264,,,,"you can't work in a bank
and take home samples.",,,False,False,False
3179715,,,,Oh no!,,,False,False,False
3181017,,,,"Pretty fucking obvious
now, ain't it?"," Quite clear, isn't it?",,True,False,False
3182933,,,,(Music plays),,,False,False,False
3186770,,,,"- Okay!
- Get their guns.",,,False,False,False
3188638,,,,"You're fucking dead.
You're fucking as good as dead!"," You're in big trouble.
You're virtually dead.",,True,False,False
3192057,,,,"- All of youse!
- Shut your yap.",,,False,False,False
3193642,,,,"Easy easy, don't get rattled.",,,False,False,False
3198278,,,,(Owl hooting),,,False,False,False
3203763,,,,"- (Branch cracks)
- What's that?",,,False,False,False
3205533,,,,What?,,,False,False,False
3207068,,,,"- (Cracks)
- That!",,,False,False,False
3209704,,,,"The fucking wind.
Relax.","The annoying wind.
Relax.",,True,False,False
3216274,,,,(Cracking),,,False,False,False
3226331,,,,(Agent shouts),,,False,False,False
3234386,,,,"The woods...
get him, get him!",,,False,False,False
3236922,,,,"Come here, you son of a bitch!"," Come here, you troublemaker!",,True,False,False
3273698,,,,(Sighs),,,False,False,False
3278919,,,,"- (Clicks)
- What the?",,,False,False,False
3292213,,,,(Gunshot),,,False,False,False
3294797,,,,"Darmody!
Jimmy!",,,False,False,False
3298799,,,,"- Did you get him?
- Yeah.",,,False,False,False
3300300,,,,"- What the fuck was that?
- The fucking deers."," - What on earth was that?
- The deer.",,True,False,False
3303835,,,,"Go on, get in the car.
Go on, scram!",,,False,False,False
3309007,,,,"Come on, let's go.
Beat it.",,,False,False,False
3319231,,,,"- (Tapping)
- [Man]: The court is now open.",,,False,False,False
3321867,,,,"[Woman] ¶ well, good
morning, judge... ¶",,,False,False,False
3327285,,,,"[Mr. Schröder]:
Got something to say now, huh?",,,False,False,False
3328705,,,,"¶ I said
good morning, jury... ¶",,,False,False,False
3330623,,,,"- You fucking whore!
- (Glass shatters, woman screams)"," : ""- You disrespectful person!
- (Glass breaks, woman yells)""",,True,False,False
3332690,,,,"- ¶ I see you know my face, mmmmm,
mistaken surely... ¶ - (Thudding)",,,False,False,False
3337028,,,,"- [Mrs. Schröder]: Please stop!
- ¶ When I see that sign ¶",,,False,False,False
3339579,,,,"- ¶ lord have mercy on my soul...
¶ - (Child wailing)",,,False,False,False
3342528,,,,"- ¶ I couldn't budge, I hope to choke...
¶ - (Child screaming)",,,False,False,False
3346368,,,,"¶ It was all a joke,
I said good morning, judge ¶",,,False,False,False
3350470,,,,"¶ you heard me,
good morning, judge... ¶",,,False,False,False
3353753,,,,"[Judge]:
Good morning, Sophie.",,,False,False,False
3355506,,,,"- ¶ Good morning, jury... ¶
- Good morning.",,,False,False,False
3358541,,,,"(Sophie laughs)
When I see that,",,,False,False,False
3361144,,,,"what that just said,",,,False,False,False
3362728,,,,"- I can surely say...
- (Sobbing)",,,False,False,False
3365714,,,,¶ Oh lord ¶,,,False,False,False
3368064,,,,¶ lawd-a-mercy. ¶,,,False,False,False
3379324,,,,(music playing),,,False,False,False
3386163,,,,"I would love to get
married one day.",,,False,False,False
3388497,,,,"I am very very sorry.
Excuse me",,,False,False,False
3392201,,,,for one moment.,,,False,False,False
3393866,,,,"- He is always talking on the phone.
- Hello.",,,False,False,False
3396085,,,,"- [Sheriff]: It's me.
- What?",,,False,False,False
3397904,,,,"It's me.
We got a problem.",,,False,False,False
3405409,,,,"All right, I'll be right there.",,,False,False,False
3408428,,,,(Shouting),,,False,False,False
3409680,,,,"Fellas, fellas,
no leads or arrests.",,,False,False,False
3412746,,,,"- How many bodies were found?
- Nothing has been confirmed at this time.",,,False,False,False
3416184,,,,"As soon as we know something,
we'll make an official statement.",,,False,False,False
3419136,,,,"Four bodies, blood everywhere.",,,False,False,False
3421638,,,,"It was like a fucking
firing squad."," It was intense, like a rapid barrage.",,True,False,False
3423689,,,,No sign of the truck?,,,False,False,False
3427141,,,,In a goddamned election year.,,,False,False,False
3431479,,,,"- The feds onto this yet?
- No.",,,False,False,False
3433645,,,,"Hands still full
at the funeral home.",,,False,False,False
3437066,,,,"Cusick's probably
having a stroke.",,,False,False,False
3439432,,,,"You know the imbecile
changed his name to Doyle?",,,False,False,False
3443453,,,,Don't ask.,,,False,False,False
3448272,,,,"You know,
the peculiar thing is...",,,False,False,False
3450707,,,,"that at the same time
the feds are raiding Mickey,",,,False,False,False
3454077,,,,this shit...,This mess...,,True,False,False
3455911,,,,is happening three miles away.,,,False,False,False
3457913,,,,Ain't that a coincidence?,,,False,False,False
3463885,,,,"So do you want
to say it or should I?",,,False,False,False
3467951,,,,"It could be Rothstein
himself set it up.",,,False,False,False
3473625,,,,"All right, so who knew
about the load?",,,False,False,False
3482230,,,,Jimmy?,,,False,False,False
3486768,,,,"Who's mysteriously gone
missing all of a sudden.",,,False,False,False
3492772,,,,"All right, bring him in.",,,False,False,False
3494823,,,,(Music playing),,,False,False,False
3505283,,,,"Hey, Ange, I'm sorry.
I know it's late.",,,False,False,False
3507498,,,,"Uh, Jimmy in?",,,False,False,False
3509201,,,,"No, I haven't seen him
in hours.",,,False,False,False
3511320,,,,I thought he was at work.,,,False,False,False
3513152,,,,"Sorry to disturb you.
When he comes home,",,,False,False,False
3515422,,,,"tell him Nucky's
looking for him.",,,False,False,False
3518655,,,,"Well, now I'm getting
concerned.",,,False,False,False
3520624,,,,"Probably ran into a friend...
war buddy maybe.",,,False,False,False
3524209,,,,"Do you think it could
have something",,,False,False,False
3526163,,,,"to do with the men
that picked him up?",,,False,False,False
3528164,,,,Beg your pardon?,,,False,False,False
3533317,,,,There is no comment.,,,False,False,False
3535018,,,,Now you must stop ringing!,,,False,False,False
3536804,,,,Cocksucking reporters., Biased journalists.,,True,False,False
3540690,,,,"If they want a statement,
tell them to call the Mayor.",,,False,False,False
3543005,,,,"Even reporters
ain't that stupid.",,,False,False,False
3544674,,,,"I'll give them
a statement later.",,,False,False,False
3546277,,,,"I can't get over it.
It don't make sense.",,,False,False,False
3548230,,,,"- Doesn't it?
- Come on, Eli... Jimmy?",,,False,False,False
3550530,,,,"He gives the feds
the funeral home...",,,False,False,False
3552448,,,,"- (Phone ringing)
- Throws them off the scent.",,,False,False,False
3554614,,,,"Meantime he's out
pulling this job.",,,False,False,False
3556616,,,,"- Not how, why.
- Why? Because he's greedy.",,,False,False,False
3559286,,,,"Jealous probably too.
That's the way people are, Nucky.",,,False,False,False
3564406,,,,Arnold Rothstein.,,,False,False,False
3567657,,,,"I'm very sorry, Mr.
Thompson is not available.",,,False,False,False
3573880,,,,"He would very much like you
to call him back.",,,False,False,False
3581635,,,,"- Where are you going?
- To get some air.",,,False,False,False
3583705,,,,(Music continues),,,False,False,False
3587889,,,,"Mr. Thompson, I was just
coming to see you.",,,False,False,False
3590091,,,,"I'm sorry, I'm late
for a meeting.",,,False,False,False
3591843,,,,"I really just wanted
to drop this off.",,,False,False,False
3593877,,,,I'm on my way to the hospital.,,,False,False,False
3596095,,,,"- Nothing serious, I hope?
- One of our members...",,,False,False,False
3599015,,,,"Mrs. Schröder.
She... suffered an injury.",,,False,False,False
3602360,,,,Lost her child.,,,False,False,False
3606949,,,,What was the manner of injury?,,,False,False,False
3610133,,,,"I'm really not
at liberty to say.",,,False,False,False
3613639,,,,"¶ Into the dark oblivion where
there ain't no use a'living ¶",,,False,False,False
3616339,,,,"¶ then you can lay me
low down in the ground ¶",,,False,False,False
3621743,,,,"¶ where not a soul
can get around ¶",,,False,False,False
3624360,,,,"¶ take away my cake,
take away my pie ¶",,,False,False,False
3627767,,,,"¶ take away my taste and even
take away my eyeball ¶",,,False,False,False
3631318,,,,¶ but Lordy ¶,,,False,False,False
3632386,,,,"¶ but Lordy, Mr. Man ¶",,,False,False,False
3634404,,,,"¶ now don't you take away
those blues. ¶",,,False,False,False
3639519,,,,Commodore?,,,False,False,False
3641155,,,,"Mr. Nucky
here to see you.",,,False,False,False
3647510,,,,"Well, send him in,
for God's sake.",,,False,False,False
3654830,,,,"Quite the shitstorm you got on
your hands, eh, Mr. Treasurer?",,,False,False,False
3658501,,,,"Well, good morning to you too.",,,False,False,False
3660701,,,,These bodies in the woods,,,False,False,False
3662704,,,,"I assume belong to your
friend in New York?",,,False,False,False
3665638,,,,(Sighs) Rothstein's men.,,,False,False,False
3667673,,,,"I don't understand
why you got involved.",,,False,False,False
3670026,,,,Yes you do!,,,False,False,False
3672677,,,,It was a favor to Chicago.,,,False,False,False
3674680,,,,"That plus Rothstein's
numbers were right.",,,False,False,False
3676879,,,,"Till he buggered you
in the ass.", Until he got very close to you.,,True,False,False
3678815,,,,Fucking Rothstein.," ""Annoying Rothstein.""",,True,False,False
3681650,,,,(Grunts),,,False,False,False
3683318,,,,By Henry fucking Ford., By Henry Innovative Ford.,,True,False,False
3691157,,,,"Oh, I think my problems
go beyond world finance.",,,False,False,False
3695521,,,,What a fucking night., What a great night.,,True,False,False
3704697,,,,It's seven years today.,,,False,False,False
3709802,,,,"- Mabel.
- Oh.",,,False,False,False
3714171,,,,I'd just gone to jail.,,,False,False,False
3718483,,,,"Not a day goes by,
I'll tell you that much.",,,False,False,False
3720568,,,,"Well, maybe she's better off.",,,False,False,False
3727606,,,,"The feds will be
all over this thing.",,,False,False,False
3729574,,,,"I can't have dead bodies lying around
on the road... bad for business.",,,False,False,False
3732490,,,,"Well, you gotta
give them someone.",,,False,False,False
3734526,,,,Let 'em make an arrest.,,,False,False,False
3739330,,,,It's Jimmy.,,,False,False,False
3741581,,,,"Get the fuck...
This?!"," Get the thing...
Is this it?!",,True,False,False
3744733,,,,Left me holding the bag.,,,False,False,False
3746000,,,,What a fucking little prick.,What a self-centered person.,,True,False,False
3748204,,,,I never knew he had it in him.,,,False,False,False
3751289,,,,Jimmy?,,,False,False,False
3755841,,,,"Eh, fucking Jimmy.
(Laughs)"," : 'Eh, annoying Jimmy.
(Laughs)'",,True,False,False
3760810,,,,Nucky.,,,False,False,False
3762379,,,,Nuck!,,,False,False,False
3767095,,,,"- I take you back,
- Nucky,",,,False,False,False
3768282,,,,"- I give you a job...
- listen...",,,False,False,False
3769715,,,,"and this is how you
fucking repay me?!"," : 'and this is how you reward me, isn't it?'",,True,False,False
3771401,,,,"Last night was not supposed
to happen like that, Nuck.",,,False,False,False
3773436,,,,"Make sure you mention that to Rothstein
as he's cutting your nuts off.",,,False,False,False
3775854,,,,"That's all gonna get
straightened out, I promise.",,,False,False,False
3777820,,,,Are you that stupid?,,,False,False,False
3779571,,,,"Have no fucking idea how
in over your head you are?", Have no clue if you're in deeper than you can handle?,,True,False,False
3781991,,,,"- I know it's awful...
- Did I not tell you to slow down?!",,,False,False,False
3784828,,,,"I tried to give you money.
I tried...",,,False,False,False
3785927,,,,"I tried to tell you
I'm not a kid anymore!",,,False,False,False
3789731,,,,"And killing
and fucking larceny?", : 'And theft and immoral behavior?',,True,False,False
3792632,,,,"- That makes you a man?
- No.",,,False,False,False
3796251,,,,"(Sighs) You got brains, kid.",,,False,False,False
3798753,,,,You had a future.,,,False,False,False
3800972,,,,"Look, I still got a future...
we both do.",,,False,False,False
3805342,,,,"The war, Nuck,
the things I did over there?",,,False,False,False
3808678,,,,"You live in a trench
for months on end.",,,False,False,False
3812064,,,,"The killing,
the smell of death...",,,False,False,False
3815066,,,,"Nucky, I'm nothing
but a murderer.",,,False,False,False
3817567,,,,"You know how many times
I went over the top?",,,False,False,False
3820518,,,,"They called me a fucking hero.
The truth is..."," They labeled me a brave soul.
The reality is...",,True,False,False
3822771,,,,I didn't care anymore.,,,False,False,False
3825419,,,,I didn't care.,,,False,False,False
3829340,,,,You're home now.,,,False,False,False
3830925,,,,"- You got a family.
- I'm going to hell, Nuck.",,,False,False,False
3833176,,,,"- Knock it off.
- No, I am.",,,False,False,False
3834543,,,,"- You are not.
- I'm 22 years old.",,,False,False,False
3836244,,,,"I see fellas like fucking Luciano with
a fancy suit with fucking diamonds...", I see men like Luciano with an expensive suit and sparkling jewels...,,True,False,False
3839412,,,,"- is that what you want?
- That's what you want too!",,,False,False,False
3841847,,,,"That's what...
It's what we all want.",,,False,False,False
3844383,,,,"At least I got the gumption
to take it.",,,False,False,False
3848551,,,,"You'd be very foolish
to underestimate me, James.",,,False,False,False
3851522,,,,I could have you killed.,,,False,False,False
3855524,,,,"Yeah, but you won't.",,,False,False,False
3862114,,,,"Look, you can't be
half a gangster, Nucky.",,,False,False,False
3865400,,,,Not anymore.,,,False,False,False
3869867,,,,Let me help you.,,,False,False,False
3873371,,,,What the fuck is this?, What on earth is this?,,True,False,False
3874706,,,,It's your share for last night.,,,False,False,False
3880075,,,,I didn't ask for this.,,,False,False,False
3882127,,,,You didn't have to.,,,False,False,False
3893147,,,,¶ And as the night is falling ¶,,,False,False,False
3895801,,,,¶ I find myself recalling ¶,,,False,False,False
3898603,,,,"¶ that blissful
all-enthralling day ¶",,,False,False,False
3903157,,,,¶ I found my love ¶,,,False,False,False
3906775,,,,¶ in Avalon ¶,,,False,False,False
3910610,,,,¶ beside the bay ¶,,,False,False,False
3915480,,,,¶ I left my love ¶,,,False,False,False
3918583,,,,¶ in Avalon ¶,,,False,False,False
3921867,,,,¶ and sailed away ¶,,,False,False,False
3926989,,,,¶ I dream of her ¶,,,False,False,False
3930760,,,,¶ in Avalon ¶,,,False,False,False
3933925,,,,¶ from dusk till dawn ¶,,,False,False,False
3939216,,,,¶ and so I think ¶,,,False,False,False
3942499,,,,¶ I'll travel on ¶,,,False,False,False
3945451,,,,¶ to Avalon. ¶,,,False,False,False
3985094,,,,(brakes squeal),,,False,False,False
3987881,,,,"Sir, we need you to
come with us.",,,False,False,False
3990348,,,,What're you doing?,,,False,False,False
3993968,,,,"- What are you doing?
- Get in there!",,,False,False,False
4036270,,,,"- (Singing in Italian)
- Sir!",,,False,False,False
4041286,,,,"You're making a mistake.
You're making a mistake.",,,False,False,False
4043898,,,,(Grunts),,,False,False,False
4046913,,,,(Singing continues),,,False,False,False
4089307,,,,"- You get the gold?
- Are you kidding me?",,,False,False,False
4092170,,,,(Singing continues),,,False,False,False
4095212,,,,(Grunts),,,False,False,False
4167093,,,,(Crowd gasps),,,False,False,False
4170802,,,,"[Reporter]: The Atlantic city
sheriff's department has confirmed...",,,False,False,False
4172954,,,,"that a body found caught in a
fisherman's net this afternoon...",,,False,False,False
4175898,,,,"is that of Hans Schröder, a local man
who went missing yesterday. Stop.",,,False,False,False
4179677,,,,"Schröder, who worked
occasionally as a baker's helper,",,,False,False,False
4182180,,,,"had been sought in connection
with Saturday night's...",,,False,False,False
4184357,,,,bloody roadside massacre. Stop., horrific accident ahead. Please be cautious.,,True,False,False
4188940,,,,"[Cantor]: Maestro, can I have
my note, please? A note for Eddie?",,,False,False,False
4191534,,,,¶ Ahhhh. ¶,,,False,False,False
4193846,,,,This time it's a ballad.,,,False,False,False
4198145,,,,¶ Jonesy used to roam ¶,,,False,False,False
4200765,,,,¶ never stayed at home ¶,,,False,False,False
4202586,,,,"¶ he'd go out with the boys and
leave his wifey all alone ¶",,,False,False,False
4206554,,,,"¶ then the town went dry,
Jones began to cry ¶",,,False,False,False
4210608,,,,"¶ with no cafes or cabarets
I know I'll surely die ¶",,,False,False,False
4214807,,,,"¶ for weeks
it had him worried ¶",,,False,False,False
4217066,,,,¶ but now he's feeling gay ¶,,,False,False,False
4219168,,,,"¶ I heard him tell
a friend of his ¶",,,False,False,False
4221128,,,,"¶ out on the street
today, say! ¶",,,False,False,False
4223911,,,,"¶ I never knew
I had a wonderful wife ¶",,,False,False,False
4227053,,,,¶ until the town went dry ¶,,,False,False,False
4231352,,,,"¶ the way I spent my money
on women was a crime ¶",,,False,False,False
4235770,,,,¶ I found that with my wife ¶,,,False,False,False
4237523,,,,"¶ I could have had
a better time ¶",,,False,False,False
4240136,,,,¶ I'd send her to the country ¶,,,False,False,False
4242191,,,,¶ and I'd always shout hooray ¶,,,False,False,False
4244225,,,,"¶ but I saw her picture in a
bathing suit the other day ¶",,,False,False,False
4248226,,,,"¶ I never knew
I had a wonderful wife ¶",,,False,False,False
4251749,,,,"¶ until the town
went dry. ¶",,,False,False,False
